url,title
https://link.cryptoslate.com/brighty-top-universal,"Brighty App
Sign Up For A Crypto Bank Account Today.
Sign Up Now"
https://cryptoslate.com/cryptoquant-ceo-predicts-bitcoin-to-mature-into-an-accepted-global-currency-within-a-decade/,"CryptoQuant CEO predicts Bitcoin to mature into an accepted global currency within a decade
CRYPTO 3 MINS AGO
CryptoQuant CEO Ju outlined how Bitcoin's currency future could play out by 2030."
https://cryptoslate.com/gamefi-set-to-leap-to-301-billion-by-2030-with-real-world-rewards-nansen/,"GameFi set to leap to $301 billion by 2030 with real-world rewards – Nansen
GAMING 13 HOURS AGO"
https://cryptoslate.com/buterin-proposes-radical-shift-in-ethereum-to-reduce-hardware-requirements/,"Buterin proposes radical shift in Ethereum to reduce hardware requirements
TECHNOLOGY 14 HOURS AGO"
https://cryptoslate.com/bitcoins-bullish-momentum-seeking-euphoric-market-shift-glassnode/,"Bitcoin’s bullish momentum seeking ‘euphoric’ market shift – Glassnode
ANALYSIS 15 HOURS AGO"
https://cryptoslate.com/michael-saylor-reverses-remarks-on-self-custody-calls-it-a-right-for-all/,"Michael Saylor reverses remarks on self-custody, calls it ‘a right for all’
CULTURE 16 HOURS AGO"
https://cryptoslate.com/hong-kong-targets-global-fintech-leadership-with-new-virtual-asset-strategies/,"Hong Kong targets global fintech leadership with new virtual asset strategies
ADOPTION 17 HOURS AGO"
https://cryptoslate.com/chinese-otc-trader-linked-to-laundering-millions-for-north-korean-hackers/,"Chinese OTC trader linked to laundering millions for North Korean hackers
CRIME 18 HOURS AGO"
https://cryptoslate.com/bernstein-predicts-200k-bitcoin-in-infamous-black-book-amid-rising-institutional-demand/,"Bernstein predicts $200k Bitcoin in infamous ‘Black Book’ amid rising institutional demand
ANALYSIS 19 HOURS AGO"
https://cryptoslate.com/tesla-holds-firm-on-bitcoin-despite-wallet-shuffle-arkham-intelligence/,"Tesla holds firm on Bitcoin despite wallet shuffle – Arkham Intelligence
CRYPTO 24 HOURS AGO"
https://cryptoslate.com/vitalik-buterin-outlines-how-ethereums-verge-can-bring-blockchain-nodes-to-smartwatches/,"Vitalik Buterin outlines how Ethereum’s Verge can bring blockchain nodes to smartwatches
WEB3 1 DAY AGO"
https://cryptoslate.com/institutional-investors-now-hold-20-of-us-traded-spot-bitcoin-etfs/,"Institutional investors now hold 20% of US-traded spot Bitcoin ETFs
ETF 2 DAYS AGO"
https://cryptoslate.com/sec-chair-gensler-defends-enforcement-approach-to-crypto-amid-criticism/,"SEC chair Gensler defends enforcement approach to crypto amid criticism
REGULATION 2 DAYS AGO"
https://cryptoslate.com/peter-todd-slams-hbo-for-putting-his-life-in-danger-by-calling-him-bitcoins-creator/,"Peter Todd slams HBO for putting his life in danger by calling him Bitcoin’s creator
CRYPTO 2 DAYS AGO"
https://cryptoslate.com/billionaire-paul-tudor-jones-is-long-on-bitcoin-and-gold-to-hedge-against-inflation/,"Billionaire Paul Tudor Jones is ‘long’ on Bitcoin and gold to hedge against inflation
ADOPTION 2 DAYS AGO"
https://cryptoslate.com/saylors-disparaging-remarks-about-self-custody-provoke-bitcoin-communitys-ire/,"Saylor’s disparaging remarks about self-custody provoke Bitcoin community’s ire
CRYPTO 2 DAYS AGO"
https://cryptoslate.com/cardi-b-embraces-solana-with-wap-project-building-a-vibrant-crypto-community/,"Cardi B embraces Solana with $WAP project, building a vibrant crypto community
AD CULTURE 3 DAYS AGO"
https://cryptoslate.com/crypto-industry-wields-growing-influence-in-us-politics-with-donations-over-190-million/,"Crypto industry wields growing influence in US politics with donations climbing over $190 million
POLITICS 3 DAYS AGO"
https://cryptoslate.com/stripe-acquires-stablecoin-platform-bridge-for-1-1-billion/,"Stripe acquires stablecoin platform Bridge for $1.1 billion
CRYPTO 3 DAYS AGO"
https://cryptoslate.com/transak-hit-with-data-breach-affecting-1-14-of-its-user-base/,"Transak hit with data breach affecting 1.14% of its user base
CRIME 3 DAYS AGO"
https://web.hypelab.com/click?as=f1d3d0da8eb8539a&campaign_slug=267fed8b57&creative_set_slug=2f5778a96a&placement_slug=bd90f2efcd,"Coinchef
coinchef.com
Cook coins in seconds with Coinchef and get paid!
Join Now"
https://link.cryptoslate.com/follow,"CryptoSlate on X
x.com/cryptoslate
Catch the latest in crypto by following us on X. Stay informed on the go.
Follow @cryptoslate"
https://cryptoslate.com/ledns-retail-loans-surge-225-amid-rising-digital-asset-demand/,"Ledn’s retail loans surge 225% amid rising digital asset demand
ADOPTION 3 DAYS AGO"
https://cryptoslate.com/ethereum-etfs-face-rocky-start-but-hold-growth-promise-bitwise-ceo-says/,"Ethereum ETFs face rocky start but retain strong growth potential affirms Bitwise CEO
ETF 3 DAYS AGO"
https://cryptoslate.com/global-regulators-discussing-ways-to-eliminate-bitcoin-highlights-cracks-in-fiat-system/,"Global regulators discussing ways to ‘eliminate’ Bitcoin highlights cracks in fiat system
REGULATION 3 DAYS AGO"
https://cryptoslate.com/data-centers-and-crypto-adapting-for-the-ffuture/,"Data centers and crypto: Adapting for the future
CONTRIBUTOR CRYPTO 4 DAYS AGO"
https://cryptoslate.com/institutional-demand-and-rising-etp-flows-signal-bitcoin-breakout-vaneck/,"Institutional demand and rising ETP flows signal Bitcoin breakout – VanEck
CRYPTO 6 DAYS AGO"
https://cryptoslate.com/craig-wright-files-lawsuit-against-bitcoin-core-devs-seeking-over-1b-in-damages/,"Craig Wright files lawsuit against Bitcoin core devs seeking over $1B in damages
CRYPTO 6 DAYS AGO"
https://cryptoslate.com/blackrock-eyes-crypto-derivatives-market-with-buidl-as-collateral/,"BlackRock eyes crypto derivatives market with BUIDL as collateral
CRYPTO 6 DAYS AGO"
https://cryptoslate.com/bitwise-cio-says-bitcoin-poised-to-push-past-100k-amid-etf-boom-whale-accumulation/,"Bitwise CIO says Bitcoin poised to push past $100K amid ETF boom, whale accumulation
CRYPTO 6 DAYS AGO"
https://cryptoslate.com/fed-official-touts-defi-as-ally-not-rival-to-traditional-finance/,"Fed official touts DeFi as ally, not rival, to traditional finance
DEFI 6 DAYS AGO"
https://cryptoslate.com/north-korea-links-suspected-in-5-million-breach-of-tapioca-dao/,"North Korea links suspected in $5 million breach of Tapioca DAO
HACKS 6 DAYS AGO"
https://cryptoslate.com/michael-saylor-urges-corporations-to-adopt-bitcoin-for-treasury-strategy-predicts-13-million-price-within-21-years/,"Michael Saylor urges corporations to adopt Bitcoin for treasury strategy, predicts $13 million price within 21 years
ADOPTION 6 DAYS AGO"
https://cryptoslate.com/nearly-70-of-institutional-investors-commit-to-ethereum-staking-survey/,"Nearly 70% of institutional investors commit to Ethereum staking – survey
STAKING 7 DAYS AGO"
https://cryptoslate.com/worldcoin-rebrands-as-world-targets-1-billion-users-with-new-blockchain-and-biometric-tech/,"Worldcoin rebrands as World, targets 1 billion users with new blockchain and biometric tech
AI 7 DAYS AGO"
https://cryptoslate.com/montenegro-to-finalize-do-kwons-extradition-fate-by-weeks-end/,"Montenegro to finalize Do Kwon’s extradition fate by week’s end
LEGAL 7 DAYS AGO"
https://cryptoslate.com/kraken-launches-kbtc-as-competition-heats-up-in-wrapped-bitcoin-market/,"Kraken launches kBTC as competition heats up in wrapped Bitcoin market
CRYPTO 7 DAYS AGO"
https://cryptoslate.com/bitcoin-hashprice-surges-to-two-month-high-buoying-miners/,"Bitcoin hashprice surges to two-month high, buoying miners
CRYPTO 7 DAYS AGO"
https://cryptoslate.com/fbi-arrests-man-for-sec-social-media-hack-over-fake-bitcoin-etf-approval-post/,"FBI arrests man for SEC social media hack over fake Bitcoin ETF approval post
HACKS 7 DAYS AGO"
https://cryptoslate.com/us-bitcoin-etfs-surpass-20-billion-in-net-inflows-nearing-satoshis-holdings/,"US Bitcoin ETFs surpass $20 billion in net inflows, nearing Satoshi’s holdings
CRYPTO 7 DAYS AGO"
https://link.cryptoslate.com/newsletter,"CryptoSlate on Substack
cryptoslate.substack.com
Daily digest of top crypto stories and market insights. Never miss out.
Join 90k+ subscribers"
