datetime,url,title,text,imgs
2024-10-24,https://ambcrypto.com/im-long-bitcoin-hedge-fund-manager-on-btcs-appeal-as-an-inflation-hedge/,‘I’m long Bitcoin’: Hedge fund manager on BTC’s appeal as an inflation hedge,"The exec stressed that cash holdings in his portfolio are short-term, favoring inflation-resistant assets. IMG_1 Kamina Gilani Saman Waris Hedge fund veteran bets on Bitcoin as an inflation hedge. The U.S. national debt climbs to $35.7 trillion. In a recent interview with CNBC’s Squawk Box, billionaire hedge fund manager, Paul Tudor Jones, outlined his strategy for navigating inflation. In a recent interview with CNBC’s Squawk Box, billionaire hedge fund manager, Paul Tudor Jones, outlined his strategy for navigating inflation. The veteran highlighted his focus on assets like gold, Bitcoin [BTC], commodities, and Nasdaq tech stocks while steering clear of fixed-income investments. He stated, “I’m long gold, I’m long Bitcoin.” Jones explained that his portfolio is designed to benefit from inflationary trends, drawing on examples such as Japan, where inflation outpaces interest rates. Gold and BTC’s performance Worth noting that both gold and Bitcoin have showcased strong performances this year, underscoring their roles in inflation-hedging strategies. Gold reached an all-time high (ATH) of over $2,750 per ounce on the 23rd of October. This rise was driven by the upcoming U.S. elections, the Middle East conflict, and expectations of further monetary easing. According to Business Insider, the asset has appreciated by 33% this year. This rise was driven by the upcoming U.S. elections, the Middle East conflict, and expectations of further monetary easing. According to Business Insider , the asset has appreciated by 33% this year. Meanwhile, the king coin also posted triple-digit gains over the past year. According to CoinMarketCap, Bitcoin was up by over 117%. At press time, it sat just 9.8% below its March ATH. Stock market gains tied to inflation? Jones’ comments sparked interesting reactions from the Bitcoin community, where enthusiasts often promote the coin as an inflation hedge. One such enthusiast was Anthony Pompliano, founder and CEO of Professional Capital Management. He emphasized Jones’ insight into how younger investors are turning to the Nasdaq as an alternative hedge against inflation, in contrast to traditional assets. The CEO added his own observation, stating, “Finally we can admit that the stock market goes up because of the debasement of the currency.” This suggested that rising stock prices may not be fueled by organic growth alone. The state of the U.S. economy The hedge fund manager also addressed the United States’ rising national debt. The debt has surged from 40% to 100% of GDP over the past 25 years, now standing at $35.7 trillion. Moreover, according to J.P. Morgan’s September CPI report, the Consumer Price Index rose by 0.2% MoM and 2.4% YoY. Compared to the 2.5% YoY rise recorded in August, this indicated a slight decrease. The dip indicated gradual progress toward the FED’s target of 2%. Furthermore, the Federal Reserve Bank of New York’s report, revealed that U.S. consumers expect median inflation to hover around 3% over the next 12 months. Jones stated that the only way for a nation to escape such high levels of debt is by inflating its way out of it. That would involve keeping interest rates below inflation and creating a small tax on consumers. This, combined with nominal growth above inflation, can help reduce the debt-to-GDP ratio over time. As inflation remains a persistent challenge, Jones’ multi-asset strategy of incorporating traditional and digital assets continues to attract attention, reflecting how investors are navigating economic uncertainty.",1.png
2024-10-24,https://ambcrypto.com/whale-buys-goat-worth-2-41-mln-will-the-hype-continue/,Whale buys GOAT worth $2.41 mln – Will the hype continue?,"Whales’s purchase $2.41 million worth of GOAT. This fuels a 63% price surge in the past 24 hours. IMG_1 Chanakya Jacob Thomas Arthur Hayes recently posted in support of the GOAT token. GOAT’s Open Interest skyrocketed by 69% in the past 24 hours, indicating traders’ interest in the memecoin. Despite the struggling crypto market, whales have discovered a new meme coin, Goatseus Maximus [GOAT]. Whales are making significant bets on this token. Despite the struggling crypto market, whales have discovered a new meme coin, Goatseus Maximus [GOAT]. Whales are making significant bets on this token. Blockchain tracker Lookonchain posted on X (formerly Twitter) about the activity of a whale, who withdrew 14,409 SOL worth $2.41 million to buy GOAT. Whale places big bet on GOAT Lookonchain further noted that, so far, this whale has spent 10,313 SOL worth $1.72 million to buy 4.5 million GOAT tokens at an average price of $0.383. However, the whale’s wallet still holds 4,096 SOL worth $682,000, which can be used to further accumulate the meme coin. IMG_2 Following this significant purchase, the price of GOAT skyrocketed by 63%. The memecoin was trading near the $0.59 level. Additionally, the coin’s trading volume jumped by 11% in the past 24 hours. This indicates greater participation from traders and investors compared to the previous day. This newly listed meme coin is gaining notable attention from crypto enthusiasts. Arthur Hayes’s bullish take on GOAT In addition, on the 23rd of October, Arthur Hayes, a prominent crypto expert and co-founder of BitMEX made a post on X stating, “Pump the GOAT.” This isn’t Hayes’s first post about GOAT. In an earlier post on X, he suggested that the meme coin could be 10x in the coming days. GOAT’s technical analysis and key levels According to AMBCrypto’s technical analysis, GOAT appears bullish as it recently broke out from a strong resistance level of $0.52 level. However, predicting its future performance is challenging, as the coin was recently launched and there isn’t much data available. IMG_3 However, GOAT’s positive outlook is further supported by on-metrics. According to the on-chain analytics firm Coinglass, GOAT’s Long/Short ratio currently stands at 1.32, indicating a strong bullish sentiment among traders. Additionally, the coin’s Open Interest has skyrocketed by 69% in the past 24 hours and 9.1% over the past four hours, at press time. This growing Open Interest is a bullish sign for GOAT holders, as traders’ interest in the meme coin is increasing significantly.",2.png 3.png 4.png
2024-10-24,https://ambcrypto.com/ethereum-fees-see-4-spike-as-l2-network-airdrop-causes-congestion/,Ethereum fees see $4 spike as L2 network airdrop causes congestion,"After the Dencun upgrade lowered Ethereum fees, a recent surge in Blob fees was triggered by a major L2 token airdrop. IMG_1 Adewale Olarinde Saman Waris Ethereum fees surged to over $4 recently. This was the third time since the Ethereum upgrade that the fee surged. Ethereum [ETH] fees saw a significant reduction after the introduction of Blobs through the Dencun upgrade. The upgrade also lowered costs across Layer 2 (L2) networks. However, recent activity has led to a surge in Blob fees, primarily due to the airdrop of a new L2 network token. Ethereum L2 Blob fees spike Data from Dune Analytics indicates that Blob fees experienced a significant spike on October 22nd, climbing to over $4. This marks the third major spike since the Dencun upgrade. The increase was linked to the airdrop for Ethereum L2 network Scroll, which distributed its governance token, SCR, to users, causing a temporary surge in activity. IMG_2 Blobs were introduced with the Dencun upgrade, primarily aimed at reducing transaction costs on Ethereum’s L2 networks. With the implementation of blobs and proto-danksharding, transaction fees on Ethereum L2s dropped considerably as more transactions were offloaded from the Ethereum mainnet to these secondary layers. What this spike means for L2s While the Blob fee spike was driven by temporary network congestion from the airdrop, it highlighted how events like this can still create volatility in transaction fees. This is the third time Blob fees have surged since their introduction. Still, despite these occasional spikes, Ethereum’s L2s continue to offer lower fees compared to the mainnet. The Dencun upgrade, which focuses on reducing costs by utilizing Blobs, has largely been successful in keeping Ethereum L2 fees low. This recent spike is an exception, largely influenced by the heavy network activity surrounding the Scroll token airdrop. How Ethereum fees have trended Despite the temporary spike in Blob fees, Ethereum fees have generally remained low since the Dencun upgrade. The fees have dropped, particularly as more transactions have migrated to L2s. Data from Crypto Fees indicates that the average daily fee in the past week was around $6.7 million, with the 24-hour fee at approximately $5.4 million. While the Blob fee spike demonstrates that congestion can still occur during major network events, Ethereum’s ongoing focus on reducing costs continues to benefit users and maintain lower transaction fees overall.",5.png 6.png
2024-10-24,https://ambcrypto.com/scroll-crypto-turns-bearish-heavy-pressure-on-psychological-1-level/,Scroll crypto turns bearish: Heavy pressure on psychological $1 level?,"The ADX and -DI (yellow and red respectively) were well above the 20 mark to highlight a strong bearish trend in progress. IMG_1 Akashnath S Saman Waris Scroll crypto faced a swift rejection from the $1.4 zone. The psychological $1 level might see an influx of demand. Scroll [SCR] is a Layer 2 scaling solution that leverages zKRollup technology to reduce transaction costs and increase throughput. It aims to enhance the Ethereum [ETH] network scalability, and the token began trading in October. IMG_2 The chart above showed that the rejection from $1.4 was quick. In the past 48 hours, the token has shed close to 30% in value. Additionally, data from DefiLlama showed that the Total Value Locked (TVL) stood at $793 million at press time. This value is just over $200 million lower than the $995 million TVL it recorded on the 16th of October. This uptick in activity was driven by the airdrop farming ahead of the Scroll token airdrop snapshot on the 19th of October. Strong downward momentum for Scroll crypto IMG_3 The Money Flow Index was near the oversold territory in the 1-hour timeframe. It showed that there was heavy selling pressure in recent hours. The price action took on a bearish bias within a matter of hours on the 21st of October. The rejection from $1.4 saw prices plummet swiftly below the $1.28 and $1.19 support levels. Additionally, the bulls tried to climb back above the $1.19 level to convert it back into a support zone but failed. Is your portfolio green? Check the Scroll Profit Calculator Since this latest rejection at $1.19, SCR is down by 17%. The market structure and trend were intensely bearish on the hourly timeframe. The ADX and -DI (yellow and red respectively) were well above the 20 mark to highlight a strong bearish trend in progress. Combined with the selling pressure, it appeared likely that the $1 level would give way soon. Disclaimer: The information presented does not constitute financial, investment, trading, or other types of advice and is solely the writer’s opinion",7.png 8.png 9.png
2024-10-24,https://ambcrypto.com/polkadots-rally-to-6-20-looms-but-one-key-condition-must-be-met/,"Polkadot’s rally to $6.20 looms, but one key condition must be met","DOT rally is incoming as metric suggests IMG_1 Olayiwola Dolapo Saman Waris DOT was on the brink of a bullish breakout as it approached two critical support levels. However, the strength of the rebound at this support level will dictate how far DOT can rally. Over the past month, Polkadot [DOT] has been in a bearish trend, slipping by 2.73%. In the last 24 hours alone, it declined by 3.74%. While a minor drop from its current price is still possible, the stage is set for a potential rally. AMBCrypto has analyzed the factors behind this anticipated move and what investors should watch for. DOT set for major rally as key support levels near DOT is approaching two critical support levels, positioning it for a potential significant rally. The first support lies at $4.218, while the second is the diagonal support line of the ascending channel. A positive reaction from the first support (marked in black) could trigger a minor rally. However, if DOT bounces from the base of the bullish pattern, it’s likely to first rally to $4.93. Breaking through this resistance could lead to an additional 27.39% surge, propelling DOT to $6.285. IMG_2 A slight delay could occur if the support level of the pattern is breached, temporarily pausing DOT’s upward momentum. Market sentiment signals a bullish shift The Relative Strength Index (RSI) has sharply declined to a reading of 49.99, placing it near the neutral zone. This suggests that DOT may experience a further drop from its current level, possibly falling below the $4.218 support level as it seeks the ascending channel’s support line. RSI measures the speed and magnitude of price changes to determine an asset’s momentum, indicating in this case that DOT could face additional declines in the short term. However, the Money Flow Index (MFI), which tracks liquidity inflows and outflows, shows a healthy inflow for DOT. If this trend continues, it points to the potential for a near-term rally. IMG_3 Overall market activity remains bullish An analysis of market activity using the Exchange Netflow data from Coinglass suggested that sentiment remained bullish. Over the past week, the Exchange Netflow has stayed negative, with $3.04 million worth of DOT withdrawn from exchanges. This indicated that more market participants were holding onto their assets for safekeeping rather than selling, which would typically exert downward pressure on the price.",10.png 11.png 12.png
2024-10-24,https://ambcrypto.com/bitcoin-mining-difficulty-hits-ath-heres-how-it-could-impact-btc-prices/,Bitcoin mining difficulty hits ATH: Here’s how it could impact BTC prices,"Bitcoin’s mining difficulty has reached a new peak, driven by a rising hashrate as miners compete for rewards. IMG_1 Adewale Olarinde Ann Maria Shibu Bitcoin’s mining difficulty has reached an all-time high due to a surge in the network. BTC has remained above the $67,000 price range. Bitcoin [BTC] mining difficulty has reached a record high, driven by a surge in the network’s hashrate. This increase occurs as Bitcoin’s price rises, prompting miners to expand their operations to capitalize on the potential rewards. The higher mining difficulty is a reflection of the network’s growing security, but also presents challenges for miners as they face rising costs. Rising hashrate signals Bitcoin mining difficulty Throughout 2024, Bitcoin’s hashrate has been steadily increasing. As of mid-October, it reached a peak of 656.3 billion, indicating heightened mining activity on the network. A higher hashrate means more miners are joining the Bitcoin network, competing for blocks. IMG_2 The primary motivation for miners is BTC’s ongoing price rally, which has encouraged them to ramp up their computational power. With BTC trading at around $67,193, the incentive to secure new blocks has grown. However, this has also led to an automatic adjustment in the network’s mining difficulty. Bitcoin mining difficulty reaches new heights Bitcoin mining difficulty has climbed to its highest level ever following the surge in hashrate. The network automatically adjusts mining difficulty every two weeks to ensure blocks are mined approximately every 10 minutes. As more miners join the network, competition intensifies, increasing difficulty and the costs associated with mining. IMG_3 For miners, this rise in difficulty means they need more computational power and higher energy costs to maintain profitability. While BTC’s rising price provides potential rewards, it also raises the cost of securing those rewards, squeezing profit margins for many miners. Miner fees see slight uptick, while Bitcoin price holds steady Alongside the rise in the Bitcoin mining difficulty and hashrate, miner fees have shown a moderate increase. Fees typically rise when there’s a surge in network activity, with miners prioritizing transactions that offer higher rewards. Although miner fees have spiked during network congestion in 2024, block rewards continue to account for the bulk of miners’ income. IMG_4 Despite these network adjustments, Bitcoin’s price has remained relatively stable, currently trading at $67,193, down by 0.28%. The Average True Range (ATR) indicator points to potential volatility in the short term, suggesting that BTC’s price could see fluctuations as the mining ecosystem adjusts to the increased difficulty and network activity. As Bitcoin mining difficulty and hashrate continue to climb, the interplay between miner profitability, fees, and BTC’s price will be essential to monitor.",13.png 14.png 15.png 16.png
2024-10-24,https://ambcrypto.com/bitcoin-why-a-dip-to-66k-might-be-necessary-for-btcs-next-move/,Bitcoin: Why a dip to $66k might be necessary for BTC’s next move,"Bitcoin poised to fill price gap, potential bullish continuation toward higher levels. IMG_1 Lennox Gitonga Ann Maria Shibu Bitcoin poised to retrace to $66K before a bounce. Global liquidity to potentially continue rising up to 2026. Bitcoin [BTC] was navigating a critical price range at press time, with market watchers anticipating its next move. The $66.8K to $67.1K zone on Bitcoin’s profile chart shows fewer positions, indicating a price gap. Historically, price tends to gravitate toward such gaps to fill them before continuing a trend. Bitcoin’s path forward hinges on whether it fills this gap before pushing higher or retraces further to gather liquidity. IMG_2 BTC heading towards a gap BTC’s price action shows a slight correction after hitting the $70K level, a major milestone for the cryptocurrency. The retracement suggests that Bitcoin is gathering momentum for its next leg up, but first, it may need to fill the gap in the $66.8K-$67.1K range. This zone lies below a key double bottom pattern on the 6-hour timeframe of the BTC/USDT pair, reinforcing the potential for upward movement once the gap is filled. The weekly chart remains bullish, with the structure broken to the upside, indicating strong market support. IMG_3 Traders are closely watching this price action, with many expecting Bitcoin to hold at the $70K-$71K level, which would likely trigger a move into price discovery and a new all-time high. The filling of the gap in this price range could also act as a liquidity grab, allowing Bitcoin to gather strength before making a decisive move higher. A successful breakout past $70K would signal the start of a new bullish phase, with Bitcoin potentially entering uncharted territory. Profitability and global M2 supply The Bitcoin Average Profitability Index further supports this outlook. Currently, the index stands at 202%, meaning the price is more than double the realized price. Historically, investors tend to start taking profits when this index rises above 300%, but for now, it suggests that the market is not yet in heavy profit-taking mode. This leaves room for BTC to continue its upward trajectory after filling the price gap, with long-term holders still optimistic about higher price levels. IMG_4 In addition to these indicators, the Global M2 money supply data offers insights into Bitcoin’s broader potential. During previous bull cycles, such as in 2016-2017, the expansion of the M2 supply coincided with significant Bitcoin price growth. In 2021, a similar expansion occurred, but external factors like the collapse of FTX and rising interest rates dampened Bitcoin’s momentum. f the M2 supply continues to grow through mid-2026, as some analysts predict, this could provide additional liquidity to the market and extend Bitcoin’s current cycle. IMG_5",17.png 18.png 19.png 20.png 21.png
2024-10-24,https://ambcrypto.com/sui-tvl-drops-below-1b-amid-market-cooldown-what-about-price/,SUI TVL drops below $1B amid market cooldown: What about price?,"Sui is experiencing deceleration after going through an explosive growth phase in its deceleration. IMG_1 Michael Nderitu Saman Waris SUI experienced a cooling effect with its network activity after a robust performance in the last two months. A recap of SUI’s latest price action, its pullback and where to expect the next support. Over the last few weeks, SUI established itself as one of the fastest growing networks. This was evident in its native cryptocurrency’s performance, and more so in the network’s key growth metrics. To recap, Sui experienced explosive TVL growth so far this year. Its total value locked at the start of 2024 was $211 million, but it celebrated crossing the $1 billion mark for the first time on the 15th of October. The market has since cooled down, causing the TVL to slid below the $1 billion level. IMG_2 Sui TVL was at $987 million at press time, but the impact of the latest cooldown was more felt in the network stablecoin market cap. The latter also saw an impressive rally, which recently peaked at $437.5 million on the 5th of October. It has since retreated to $335.22 million. The last two months have arguably been the busiest for the Sui blockchain. This was evident by the massive volume surge observed between September and October. SUI’s token volume hit a high of over $2 billion on the 8th of October, which was the highest single daily volume that the Sui network has ever achieved. IMG_3 SUI’s on-chain volume recently dropped as low as $471 million earlier in the week. This was followed by a volume surge in the last three days. The above observations indicate that the network’s demand and activity has been slowing down. This has consequently affected demand for the SUI token. Bearish momentum has been building up, aided by additional sell pressure as the overall market condition turns bearish. SUI goes through an anticipated retracement SUI exchanged hands at $1.87 at press time, after tanking by 20.69% from its latest local top on 13 October. The cryptocurrency had achieved a $2.36 peak just before mid-October. AMBCrypto anticipated the pullback based on a higher high and lower high price to RSI divergence. IMG_4 If SUI’s downtrend continues, it will likely find its next support range between the $1.35 and $1.54 price range. This is based on the Fibonacci retracement pattern. The network continues to demonstrate its resolve towards attracting more activity into its ecosystem. Its latest announcement revealed that it is now integrated with Google and Zettablock. This outcome could make it more appealing to developers, allowing Sui to potentially maintain its positive growth trajectory.",22.png 23.png 24.png 25.png
2024-10-23,https://ambcrypto.com/polygon-price-analysis-can-bullish-sentiment-push-pol-past-key-resistance/,Polygon price analysis: Can bullish sentiment push POL past key resistance?,"POL is showing bullish signals, driven by technicals and on-chain metrics, but key resistance remains. IMG_1 Erastus Chami Ann Maria Shibu POL is consolidating within a descending channel, with a bullish sentiment building despite recent price stagnation. On-chain metrics like active addresses and stable futures funding rate support the possibility of a breakout. POL (formerly MATIC) is experiencing a noticeable shift in market sentiment with both crowd and smart money indicators signal growing optimism. POL (formerly MATIC) is experiencing a noticeable shift in market sentiment with both crowd and smart money indicators signal growing optimism. The crowd sentiment is at 0.95 and smart money is at an impressive 3.00. This bullish sentiment, coupled with rising network activity, could drive a significant move. However, POL’s price action has yet to break out of its consolidation phase. At press time, Polygon was trading at $0.3636, down by 2.49%, leaving investors questioning whether this positive sentiment will translate into a sustained rally. POL technical analysis: Is a breakout imminent? Polygon’s price action continues to move within a descending channel, struggling to break free of the consolidation phase between $0.4477 and $0.5761. Moreover, the recent candlestick pattern indicates that POL is approaching a critical point. Therefore, the next move could determine whether it will rally or continue to consolidate. A break above the $0.4477 level is crucial for any upward momentum. IMG_2 The Stochastic RSI, currently at 32.65, suggests that POL is near the oversold zone, pointing to potential buying pressure in the near future. Additionally, the MACD shows a neutral signal, with minimal divergence between the MACD and signal lines, further indicating that POL could consolidate before making a decisive move. IMG_3 On-chain metrics: Active addresses and transactions on the rise Interestingly, Polygon’s fundamental on-chain data paints a picture of steady interest. The active addresses over the last 24 hours increased by 0.96%, while the transaction count rose by 0.86% to 2.49K according to CryproQuant. These incremental rises in network activity could signal renewed user interest, which may support the current bullish outlook. However, without stronger upward price movement, these gains may not be enough to sustain bullish momentum in the long term. IMG_4 POL OI-weighted funding rate: Neutral but with potential Looking at the futures market, the POL OI-weighted funding rate is holding steady at 0.0100%. Consequently, this neutral rate suggests that neither bulls nor bears are currently exerting significant pressure. However, any changes in this funding rate could indicate a shift in momentum, especially if it aligns with the increasingly bullish smart money sentiment. IMG_5 Is your portfolio green? Check out the POL Profit Calculator Polygon’s bullish sentiment is clear, especially from the smart money perspective. However, the key lies in whether the price can break above resistance at $0.4477. If POL can break out, we may see significant upside potential. However, until then, caution is necessary as the price remains locked in a consolidation phase.",26.png 27.png 28.png 29.png 30.png
2024-10-23,https://ambcrypto.com/dogecoin-mirrors-a-key-2020-pattern-and-that-means-doge-will-now/,"Dogecoin mirrors a key 2020 pattern, and that means DOGE will now…","Dogecoin experienced a strong upswing over the past months. Analysts eye a repeat of 2020 pattern that saw a 1366.67% surge. IMG_1 Gladys Makena Jacob Thomas DOGE surged by 30. 45% over the past month. Market fundamentals suggested investors’ favorability as analysts eye a major pump. Over the past three weeks, Dogecoin [DOGE] has traded above 200 EMA, signaling a strong bullish trend. This continued rise has brought about widespread discussion within the Dogecoin community, with analysts predicting an upcoming uptrend. Prevailing market sentiment In an analysis, the CEO posited that DOGE’s price action was mirroring the 2020 ‘Reversal Box’ pattern. Consequently, the memecoin has formed three higher lows and broke out of major resistance. IMG_2 For context, when DOGE forms a Reversal Box pattern, it signals the end of stagnation and the beginning of a potential upward rally. Therefore, when higher lows form, it suggests that the selling pressure is weakening and buyers are starting to dominate the market. When this pattern formed in 2020, Dogecoin saw a strong upswing. For example, during the latter part of 2020, DOGE surged from $0.0023 to $0.00048. Also, the memecoin hiked from $0.006 to $0.088, gaining 1366.67% in the same year. This surge prepared for the 2021 major Dogecoin bull run to ATH. Therefore, if history repeats itself, the memecoin will experience a major pump as it did in 2020. DOGE’s price chart indicates… While the analysis provided by the CEO provided a promising outlook for Dogecoin, it is essential to counter-check other market fundamentals. The question is does the current market conditions support a potential rally? IMG_3 For starters, Dogecoin’s active addresses have experienced sustained growth over the past month. At press time, DOGE’s active addresses were at a monthly high of 764.84k. This suggests there was high participation and demand for the memecoin. IMG_4 Additionally, Dogecoin’s MVRV Long/Short difference ratio has been rising over the past month from a low of -17.13 to -7.76, at press time. This suggests that long-term holders are confident with the memecoin’s future value. As such, when the market absorbs selling pressure from short-term holders, it would lead to a price rally. IMG_5 Finally, large holder inflow has experienced a sustained uptrend over the past week. This has surged by 358.64% from a low of 252.92 million to 1.16 billion. Such an increase in inflow suggests that investors are increasing their funds into DOGE, anticipating more price increases. What next for Dogecoin? At the time of writing, DOGE was trading at $0.1396. This marked a 3.5% decline over the past day. However, the memecoin has been on an upward trajectory, hiking by 30.45% over the past month. Realistic or not, here’s DOGE market cap in BTC’s terms Realistic or not, here’s DOGE market cap in BTC’s terms Thus, as observed through the above market indicators, Dogecoin is experiencing favorable market conditions that could set the memecoin for more gains. Therefore, if these current market conditions are maintained, DOGE is well positioned to reach $0.1658 in the short term.",31.png 32.png 33.png 34.png 35.png
2024-10-23,https://ambcrypto.com/aptos-crypto-breaks-key-six-month-resistance-is-14-the-next-target/,Aptos crypto breaks key six-month resistance – Is $14 the next target?,"The 1-month lookback period liquidation heatmap outlined the $11.2-$11.4 area and $9.4-$9.6 area as magnetic zones. IMG_1 Akashnath S Jacob Thomas Aptos broke a crucial six-month supply zone. The subsequent retest and bounce suggest further gains are likely. Aptos [APT] exhibited strong bullishness on the daily chart. It cleared the $10 resistance zone from April and showed that it had the strength to move toward $14 next. APT has rallied by 46.5% this October. In comparison, Bitcoin [BTC] was up by 14.5% from its monthly lows. A bullish trajectory for BTC would further aid Aptos’ prospects. Aptos crypto clears the $10 psychological hurdle IMG_2 In April, Aptos crypto tentatively bounced to $10.3 in the middle of a strong downtrend, but the bulls could not defend this bounce. It registered a bearish order block on the daily chart. After six months, buyers have managed to flip this zone from resistance to support. They did this on the back of heightened demand. The volume bars showed heavy trading activity, and the rising OBV suggested increasing buying pressure. This pointed out that the market structure was bullish, as was the momentum. Additionally, based on the rally from $4.32 to $7.57 in August, the 100% Fibonacci extension level at $10.82 has been tested. To the north, the next significant resistance zone was the bearish order block at $14. Liquidation heatmap highlights short-term targets IMG_3 The 1-month look back period liquidation heatmap outlined the $11.2-$11.4 area and $9.4-$9.6 area as magnetic zones in the vicinity of current market prices. Given the demand and momentum, a retracement below $10 appeared unlikely. But keep in mind that a heightened BTC volatility might bring an Aptos pullback, making the $9.4 support zone a buying opportunity. As things stand, the bullish target for the next move is the $14 resistance zone. Disclaimer: The information presented does not constitute financial, investment, trading, or other types of advice and is solely the writer’s opinion",36.png 37.png 38.png
2024-10-23,https://ambcrypto.com/bitcoin-accumulation-addresses-surge-93-to-nearly-194b-bullish-cue/,Bitcoin accumulation addresses surge 93% to nearly $194B – Bullish cue?,"What does the rising BTC accumulation addresses balance mean for the price of the digital asset? IMG_1 Benjamin Njiri Saman Waris Balance on BTC accumulation addresses surged 93% in 2024, now holds $194 billion. Does the massive holding strategy signal a further price rally for BTC? Based on 2024 investors’ behavior, the HODLing strategy seems to have become the most preferable Bitcoin [BTC] investment approach. Based on 2024 investors’ behavior, the HODLing strategy seems to have become the most preferable Bitcoin [BTC] investment approach. According to data by CryptoQuant’s analyst Burak Kesmeci, BTC accumulation addresses now hold 2.9 million coins. That’s worth over $194 billion, a nearly 2x (93%) increase from January holdings. According to data by CryptoQuant’s analyst Burak Kesmeci, BTC accumulation addresses now hold 2.9 million coins. That’s worth over $194 billion, a nearly 2x (93%) increase from January holdings. “In January 2024, these addresses held only 1.5 million Bitcoins, yet within 10 months, that amount nearly doubled. They continue to accumulate patiently and boldly without selling off their holding” IMG_2 Is it a bullish cue? To put the massive accumulation spree in perspective, in 2018, BTC accumulation addresses only held 100K coins. Fast-forward to the 2021 bull run, the addresses topped 700K coins. However, Kusmeci noted that real growth occurred in 2024, with a whopping 93% jump from 1.5 million in January to 2.9 million. Is it a bullish cue, perhaps signaling that holders expected a further BTC price appreciation? Is it a bullish cue , perhaps signaling that holders expected a further BTC price appreciation? It’s worth noting that the U.S. spot BTC ETFs debuted in January 2024, and the ensuing optimism might have led to the surge in BTC accumulation addresses holding. As of the 18th of October, the products held 961K BTC, worth over $65 billion. IMG_3 The optimism after the approval of the U.S. spot BTC ETF was evident by a surge in U.S. investor demand for the asset in Q1 2024, as shown by the spikes (green) in the Coinbase Premium Index. The renewed optimism saw BTC hit an all-time high (ATH) above $73K in March. Will the trend repeat?At the time of writing, the investor interest in Q4 was lower than the huge demand seen in Q1. That said, BTC was valued at $66.3K, about 11% from the March’s ATH. The renewed optimism saw BTC hit an all-time high (ATH) above $73K in March. Will the trend repeat? At the time of writing, the investor interest in Q4 was lower than the huge demand seen in Q1. That said, BTC was valued at $66.3K, about 11% from the March’s ATH. IMG_4",39.png 40.png 41.png 42.png
2024-10-22,https://ambcrypto.com/mumu-crypto-rises-84-in-30-days-targets-1b-market-cap/,MUMU crypto rises 84% in 30 days: Targets $1B market cap,"Mumu the Bull surges with bullish momentum, strong liquidity, and optimistic outlook. IMG_1 Lennox Gitonga Ann Maria Shibu Mumu among the top gainers in the past 24 hours, at press time. Mumu targets $1 billion market cap. Mumu the Bull (MUMU) has surged by 23% in the last 24 hours and 84% over the past month. This memecoin, running on the Solana blockchain, has caught the attention of traders, with its performance ranking among the top in the market. According to CoinMarketCap, MUMU’s 24-hour trading volume rose by 256%, currently sitting at $14 million. This represents a volume-to-market cap ratio of 9.57%, with FDV of $155.51 million, showing strong liquidity in the market. MUMU price action and prediction Price action for MUMU has shown a clear breakout from an ascending wedge pattern, followed by a consolidation phase. The coin formed a descending triangle, successfully testing this breakout with a double-bottom pattern, indicating a continuation of the uptrend. With this bullish momentum, it seems set to achieve a $1 billion market cap, especially as the anticipated 2025 memecoin supercycle approaches. Indicators, such as the MACD, confirm that bullish pressure remains strong, and trading volume is backing further price increases. IMG_2 MUMU is also starting what appears to be the third wave of an impulsive Elliott wave pattern, with a target at $720 million based on Fibonacci levels. Market sentiment shows that Mumu is gaining traction, with many traders optimistic about a breakout. On the technical side, indicators like MA, RSI, and ADX on the 1-day chart are all signaling a continued upward trend for MUMU. IMG_3 The Average Directional Index (ADX) confirms strong momentum, and the price continues to sit comfortably above the moving averages. These factors suggest MUMU could soon retest its previous highs, which were around $286 million, with projections for a rise to between $350 million and $480 million. Open interest and long/shorts ratio Futures data further supports this bullish outlook. The weighted funding rate stands at 0.0968%, meaning long traders are paying shorts, which indicates strong market confidence. Coinglass data shows open interest levels are at their highest, reaching $4.64 million. The long/short ratio sits at 6.5, meaning there are significantly more long traders than short traders, reinforcing the positive sentiment. IMG_4 This ratio reflects the actions of top traders, and with a majority favoring long positions, the outlook for MUMU remains bullish. Mumu the Bull is on a strong upward trajectory, with technical indicators and market sentiment both supporting higher prices. Traders are optimistic that MUMU will continue climbing as liquidity and interest in the token grow, making it one to watch in the upcoming memecoin supercycle.",43.png 44.png 45.png 46.png
2024-10-22,https://ambcrypto.com/fet-poised-for-a-rally-whale-activity-soars-by-3610/,"FET poised for a rally? Whale activity soars by 3,610%!","FET nears $1.49 resistance with surging on-chain activity. IMG_1 Kelvin Murithi Ann Maria Shibu FET tests a key resistance with a 3,610% surge in large transactions. Active addresses rise by 15.52%, signaling growing user engagement. Artificial Superintelligence Alliance [FET] is at a pivotal moment as the altcoin tests a critical resistance level at $1.49. The altcoin has been on a bullish rally since breaking the descending trendline resistance that recently turned a support level. Artificial Superintelligence Alliance [FET] is at a pivotal moment as the altcoin tests a critical resistance level at $1.49. T he altcoin has been on a bullish rally since breaking the descending trendline resistance that recently turned a support level. After the promising rally, FET has hit a barrier at the $1.49 level that has slowed the bullish rally. Its on-chain flow for the coin has projected massive changes in the market, which may lead to either a breakout or pullback. on-chain flow for the coin has projected massive changes in the market, which may lead to either a breakout or pullback. IMG_2 As per AMBCrypto analysis, the key relevant indicators of the current state of FET are a sharp spike in large transactions and equally surging active addresses. Large transactions surge by 3,610% Perhaps the most striking is the increase in large transactions by 3,610%. Such huge growth suggests that institutional or large investors are finally warming up to the ecosystem. Generally, the recent moves by whales are a sign of confidence in the performance of the token in the future. The speed at which the growth happened signifies investors position themselves for gains in the potential estimate, especially in FET, testing the resistance at $1.49. IMG_3 FET active addresses climb by 15.52% Another notable positive sentiment for FET is the 15.52% rise in active addresses. In most cases, this metric tracks the number of unique addresses involved in transactions over a certain period. An uptick in active addresses does tend to hint at growing user interest and engagement. In the case of FET, this rise will mean that more users are either trading or utilizing the token, adding momentum to the coin’s price action. IMG_4 What next for FET? As FET continues to test the $1.49 resistance, the next few days will be crucial for the market participants. If the token breaks past this resistance level, a new rally could be on sight. However, failure to close above this point may lead to a short-term correction. FET sharp growth in large transactions and the rise in active addresses hinted at growing optimism, but this resistance level remained a key obstacle.",47.png 48.png 49.png 50.png
2024-10-22,https://ambcrypto.com/apecoin-rallies-66-but-whats-stopping-ape-from-hitting-1-80/,ApeCoin rallies 66% – But what’s stopping APE from hitting $1.80?,"With renewed interest, ApeCoin’s momentum is set to grow, fostering a community of both newcomers and seasoned holders. IMG_1 Ripley G Saman Waris APE has captivated the attention of both investors and enthusiasts, breathing new life into the token. However, pressure may mount if this momentum falters. ApeCoin [APE] is making waves in the crypto market, soaring over 60% in the last 24 hours and making a triumphant return to the top 100 cryptocurrencies. ApeCoin [APE] is making waves in the crypto market, soaring over 60% in the last 24 hours and making a triumphant return to the top 100 cryptocurrencies. With a stunning 66% price rally, excitement is palpable among investors. This surge comes on the heels of the highly anticipated bridge launch, sparking curiosity about just how high APE can soar in the days ahead. ApeCoin is back in the spotlight ApeCoin has seen a dramatic resurgence, doubling in value in just two days. This comes following the highly anticipated mainnet launch. ApeCoin has seen a dramatic resurgence, doubling in value in just two days. This comes following the highly anticipated mainnet launch. After a challenging 2022 and a staggering 70% drop in 2024 – hitting a new low of $0.48 in August – this news has revitalized interest in the token, thrusting it back into the spotlight. In addition to Apechain, the launch of Ape Express, a streamlined platform for creating memecoins, has attracted over 137,000 unique visitors and generated substantial trading volume in just 24 hours. IMG_2 As ApeCoin gains traction, now closing near its early April price range at $1.80, it seems the six-month slump has finally paid off, pushing many stakeholders into net profit and rewarding their patience. To be precise, around 22,000 APE wallets have made the shift, holding a staggering 179 million tokens. Certainly, these recent developments are not only reigniting faith among existing holders but also drawing in a wave of new investors eager to grab their share before the FOMO kicks in. With fresh interest brewing, ApeCoin is poised for a lively comeback, and the buzz around it is electric! Everyone is joining the APE craze The APE craze is spreading like wildfire, capturing the attention of both investors and enthusiasts. After hitting a low in August that saw whale holdings plummet to 790 million coins, a remarkable turnaround has taken place. In just two months, these holdings have surged to an impressive 805 million, reflecting a staggering increase in interest. IMG_3 The total number of holders has also skyrocketed, surpassing the impressive 150K milestone. Overall, the future looks bright, as the buzz around APE is attracting new investors and whales while encouraging those in net loss positions to stick around. However, keeping an eye on these positions is crucial. If these holders decide to cash out, the rally could face a setback, making a pullback inevitable.",51.png 52.png 53.png
2024-10-22,https://ambcrypto.com/bitcoin-flashes-rare-double-super-signal-why-this-is-important/,Bitcoin flashes rare ‘double super signal’ – Why this is important,"Bitcoin’s back-to-back ‘Super Signals’ hint at a massive rally—10,000% gains on the horizon? IMG_1 Olivia Stephanie Saman Waris Bitcoin’s back-to-back ‘Super Signals’ hint at explosive gains—last seen before 10,000% rallies. Over 94% of Bitcoin holders were in profit as volume trends suggested strong bullish sentiment ahead. Bitcoin’s [BTC] volume oscillator has recently signaled back-to-back ‘Super Signals,’ a rare event that has only occurred during major bull runs. Bitcoin’s [BTC] volume oscillator has recently signaled back-to-back ‘Super Signals,’ a rare event that has only occurred during major bull runs. Historically, such signals preceded massive rallies, including gains of over 10,000% in 2012 and 3,000% in 2016. The latest occurrence, seen in September 2023, followed a +200% rise in Bitcoin’s price, with another super signal appearing in October 2024. IMG_2 The ‘Super Signal’ appears when trading volume is extremely low in a bullish market. Analysts suggest that these conditions indicate accumulation, as sellers dwindle while buying interest remains steady. The ‘Super Signal’ appears when trading volume is extremely low in a bullish market. Analysts suggest that these conditions indicate accumulation, as sellers dwindle while buying interest remains steady. The absence of prior high-volume spikes further supports a bullish outlook, differentiating this phase from bearish low-volume patterns. Bitcoin’s price gains and market data As of press time, Bitcoin was priced at $68,378.05, with a market cap of $1.35 trillion and a 24-hour trading volume of $24.5 billion. This marks a 5.96% increase over the past seven days, showcasing steady gains. Bitcoin’s circulating supply stands at 20 million BTC. Open Interest in Bitcoin Futures has risen by 2.39%, at $40.69 billion at press time, indicating increased trading activity and potential bullish sentiment. CoinGlass data showed a 90.33% jump in trading volume to $42.62 billion, while options volume soared by 182.07% to $1.60 billion. CoinGlass data showed a 90.33% jump in trading volume to $42.62 billion, while options volume soared by 182.07% to $1.60 billion. Options Open Interest also increased by 2.29%, now at $24.31 billion. The alignment of these metrics with Bitcoin’s price movements suggests growing optimism among traders. Bullish sentiment Data from IntoTheBlock showed that 94% of Bitcoin holders were in profit at current prices, signaling positive market sentiment. The analysis also revealed that 71% of Bitcoin holders have maintained their positions for over a year, suggesting strong long-term holding behavior. Meanwhile, 12% of Bitcoin’s supply were held by large holders, indicating a moderate concentration of ownership among whales. IMG_3 Additionally, there has been a net outflow of $234.54 million from exchanges over the past week, pointing to potential accumulation as investors move assets into cold storage. Over $105.29 billion in transactions greater than $100K occurred over the last week, driven by institutional investors and large traders. The geographical distribution of transactions is fairly balanced, with 54% from Western regions and 46% from Eastern regions. Overall, the presence of back-to-back super signals a unique event in Bitcoin’s history, creating anticipation for potential price movements similar to previous bull cycles.",54.png 55.png 56.png
2024-10-22,https://ambcrypto.com/xrp-whale-bags-52-mln-tokens-as-this-signals-potential-upside/,XRP whale bags 52 mln tokens as THIS signals potential upside,"XRP has finally broken its 3-week consolidation phase and looks poised for a rally. IMG_1 Chanakya Saman Waris XRP could soar by 17% to reach the $0.65 level if it closes a daily candle above the $0.558 level. Combining these on-chain metrics with the technical analysis, it appears that bulls are dominating the asset. Amid ongoing bullish market sentiment across the cryptocurrency landscape, XRP has finally broken out of a prolonged consolidation phase and is signaling a potential upside. Whale adds 52 million XRP tokens Blockchain-based transactions tracker Whale Alert made a post on X (Previously Twitter) that a crypto whale withdrew a significant 52 million XRP tokens worth $28.67 million from a South Korean cryptocurrency exchange Bybit. Despite the market rallying, XRP has lagged in gains until now, but on-chain metrics are indicating a shift. IMG_2 XRP technical analysis and key levels According to AMBCrypto’s technical analysis, XRP appears bullish as it has broken out from a three-week-long consolidation zone and the 200-day Exponential Moving Average (EMA). Despite this bullish outlook, it remains uncertain whether the asset will rally or continue to consolidate until XRP closes its daily candle. IMG_3 Based on recent price action and historical momentum, if XRP closes a daily candle above $0.558, there is a strong possibility the asset could soar by 17% to reach the $0.65 level in the coming days. Bullish on-chain metrics As of press time, XRP’s major liquidation levels were at $0.537 on the lower side and $0.57 on the upper side, with traders over-leveraged at these levels, according to the on-chain analytics firm Coinglass. IMG_4 If the sentiment remains bullish and the price rises to $0.57, nearly $5.88 million worth of short positions will be liquidated. Conversely, if the sentiment shifts and the price drops to the $0.537 level, approximately $13.3 million worth of long positions will be liquidated. Currently, XRP’s Open Interest has risen by 2.5% in the last 24 hours, suggesting growing traders’ interest following the breakout. In fact, it appears to be a bullish sign for XRP holders. On the other hand, XRP’s long/short ratio stands at 0.98, at press time, suggesting weak trader interest. Combining these on-chain metrics with the technical analysis, it appears that bulls are currently dominating the asset, though their strength remains relatively weak. However, the overall sentiment for XRP is currently bullish. Current price momentum At press time, XRP was trading near $0.5532 after a price surge of over 2.35% in the past 24 hours. During the same period, its trading volume has skyrocketed by 115%, indicating significant participation from traders and investors, likely due to the recent breakout.",57.png 58.png 59.png 60.png
2024-10-22,https://ambcrypto.com/chainlink-on-the-rise-can-link-break-19-after-latest-milestone/,Chainlink on the rise: Can LINK break $19 after latest milestone?,"Chainlink’s market performance and technical signals suggest the potential for a significant price surge. IMG_1 Erastus Chami Saman Waris LINK showed the potential for upward momentum with growing market interest and strong trading volumes. Network activity increasing, while declining exchange reserves suggested a bullish outlook. Chainlink [LINK] has consistently strengthened its position within the crypto market, largely thanks to innovations like its Cross-Chain Interoperability Protocol (CCIP). Chainlink [LINK] has consistently strengthened its position within the crypto market, largely thanks to innovations like its Cross-Chain Interoperability Protocol (CCIP). This cutting-edge technology enhances cross-chain security, particularly benefiting NFTs, and supports an impressive $16 trillion transaction infrastructure. Recently, LINK has caught the eye of traders due to its upward price movement, potentially hinting at a larger breakout. Can LINK maintain its market momentum? At press time, LINK was trading at $11.96, reflecting a 5.47% surge in the last 24 hours. Consequently, its market cap has risen to $7.50 billion, with a 5.46% increase. Trading volume soared by 86.08%, reaching $222.24 million over the same period. These numbers suggested growing interest and confidence from traders, which could fuel even more upward momentum in the near future. LINK: Is a breakout imminent? LINK has been trading within a defined range, with support at $10.31 and resistance at $13.01. The Stochastic RSI indicated overbought conditions, with values exceeding 97 at press time. This suggested a potential short-term pullback; however, this might only be temporary before further gains. If LINK can break above the $13.01 resistance level, there’s a strong possibility it could test the next resistance at $14.85, and ultimately aim for $19.23. Additionally, the Bollinger Bands suggested increased volatility, which further hinted at the likelihood of LINK testing new highs soon. IMG_2 THIS supports bullish sentiment Network activity continues to rise. LINK’s active addresses climbed by 1.34% in the last 24 hours according to CryptoQuant. Furthermore, transaction counts have grown by 1.51%, now totaling 3.82k. Such increases in network activity indicated a growing user base and higher engagement, which often serves as a positive signal for future price movement. IMG_3 Declining exchange reserves could push prices higher Interestingly, LINK’s exchange reserves decreased by 0.19%, standing at 163.8 million tokens at press time. Fewer tokens on exchanges typically suggest that holders are less inclined to sell, expecting further price increases. This scarcity could drive prices higher as demand outpaces available supply. IMG_4 Is your portfolio green? Check out the LINK Profit Calculator Is LINK ready for a major price surge? With strong technical indicators, increasing network activity, and declining exchange reserves, Chainlink seems primed for further price growth. However, short-term volatility may precede any significant gains. If Chainlink breaks key resistance levels, it could soon be trading in the $14.85 to $19.23 range.",61.png 62.png 63.png 64.png
2024-10-22,https://ambcrypto.com/fantoms-whale-activity-hits-1-year-high-will-ftm-now-rally-20/,Fantom’s whale activity hits 1-year high – Will FTM now rally 20%?,"Fantom’s Funding Rates have increased to a weekly high, suggesting that more traders are taking long positions. IMG_1 Muthoni Mary Saman Waris Fantom has formed a golden cross, with the 50-day SMA crossing above the 200-day SMA. Large transaction volumes have also increased from 3M to a yearly high of 201M. Fantom [FTM] has outperformed most altcoins with its 20% gains within 30 days to trade at $0.755 at press time. Fantom [FTM] has outperformed most altcoins with its 20% gains within 30 days to trade at $0.755 at press time. Despite the gradual uptrend, FTM is not showing signs of exhaustion, given that trading volumes have increased by around 140% according to CoinMarketCap. Despite the gradual uptrend, FTM is not showing signs of exhaustion, given that trading volumes have increased by around 140% according to CoinMarketCap . The spike in trading volumes coincided with rising whale activity. Per IntoTheBlock, trading volumes for FTM transactions exceeding $100,000 have increased from 3M to 201M within 24 hours. rading volumes for FTM transactions exceeding $100,000 have increased from 3M to 201M within 24 hours. These large transaction volumes are at the highest level in one year, suggesting that Fantom whales have become active after the recent gains. IMG_2 Whales control 73% of the Fantom supply. Therefore, with the recent surge in large transaction volumes, FTM could be set for significant price moves. At the same time, exchange netflows show that traders are withdrawing their FTM tokens from exchanges. In the last two days, FTM exchange netflows have been predominantly negative, which could ease the selling pressure. IMG_3 Negative exchange netflows give room for FTM to extend its gains as it shows traders are not keen on booking profits. Fantom forms a golden cross The bullish trend is showing signs of continuation after Fantom formed a golden cross on the one-day chart. The 50-day Simple Moving Average (SMA) crossed above the 200-day SMA showing that the short-term momentum is gaining strength. The strength of this golden cross is further seen in the on-balance volume (OBV) indicator that has been trending upwards. This shows a gradual increase in buying activity, which is needed to sustain the rally. IMG_4 After forming the golden cross, FTM attempted to extend its gains but encountered resistance again at $0.797. If the price breaks above this level, FTM could make a 20% rally to the 1.618 Fibonacci level ($0.902). On the other hand, FTM could drop to test support at $0.732 if buyers are hesitant to enter at the current price and the crossover fails. Data from Coinglass shows that traders are betting on a bullish continuation after Funding Rates increased to the highest level in over a week. This indicates that more traders are taking long positions on FTM. Data from Coinglass shows that traders are betting on a bullish continuation after Funding Rates increased to the highest level in over a week. This indicates that more traders are taking long positions on FTM. IMG_5 This spike shows that there is a positive sentiment around the token because long traders are willing to pay more to sustain their long positions.",65.png 66.png 67.png 68.png 69.png
2024-10-22,https://ambcrypto.com/xrp-ledger-activity-surges-amidst-musks-individual-freedom-comments/,XRP Ledger activity surges amidst Musk’s ‘individual freedom’ comments,"Following Dogecoin, Shib Inu, Pepe, and Dark MAGA, is Ripple’s XRP Musk’s new favourite? IMG_1 Ishika Kumari Saman Waris Elon Musk’s comments on crypto boosts market confidence, causing XRP and Ethereum to rise. The XRP Ledger saw increased wallet activity amid SEC’s appeal against Ripple Labs. Elon Musk, the renowned tech entrepreneur and CEO of Tesla and SpaceX, has consistently championed Dogecoin [DOGE], often using his platform to endorse his favorite cryptocurrency. But after facing allegations of defrauding investors through purported manipulation of DOGE and insider trading, which led to substantial financial losses in the billions, Musk chose to take a step back. However, on the 29th of August, U.S. District Judge Alvin Hellerstein in Manhattan dismissed the federal lawsuit against him. Despite this dismissal, Musk maintained his stance against promoting cryptocurrencies. Musk’s mention of XRP sparks debate Just when the waters seemed calm, Elon Musk reignited controversies by referencing the Ripple [XRP]-affiliated cryptocurrency XRP during a town hall meeting in Pittsburgh, Pennsylvania. This happened during a recent rally for Donald Trump, wherein an audience member inquired about the SEC’s adversarial approach to crypto under the Biden administration and whether Musk envisions the XRP Ledger being adopted by financial institutions in the future. Replying to this, Musk said, “This is definitely not an endorsement or lack of endorsement for XRP, but I do think crypto by its very nature helps with individual freedom.” Musk’s actual crypto endorsements and their impact This is probably the same event, at which Musk expressed his support by donning a signature ‘Make America Great Again’ cap and referring to himself as ‘Dark MAGA.’ “As you can see, I am not just MAGA, I’m dark MAGA.” As a result, the price of MAGA surged by 20%, while Dark MAGA (DMAGA) skyrocketed an impressive 227%, reaching approximately $0.0073. Well, it was not only with DOGE and DMAGA, but Musk has been involved in the promotion of various other cryptocurrencies. For instance, previously he shared a post on X featuring the frog-themed cryptocurrency Pepe [PEPE], which led to a remarkable 23% price surge. Impact on XRP as a whole However, here it’s important to note that rather than addressing XRP specifically, Musk offered his thoughts on cryptocurrencies as a whole. He described them as an “interesting and likely valuable safeguard against centralized control,” highlighting their potential role in promoting financial independence. However, despite lacking a direct endorsement of XRP, Elon Musk’s remarks about cryptocurrencies have sparked a positive ripple effect across the market, with Ethereum [ETH] leading altcoins with a 4% rise. Other cryptocurrencies have also seen similar gains. According to the latest data from CoinMarketCap, XRP was trading at $0.5542, reflecting a 2.41% increase in the past 24 hours and a 3% gain over the week. Additionally, recent data from Santiment revealed a significant increase in activity on the XRP Ledger, with daily active wallets reaching a three-month high of 35,799 unique addresses engaged in at least one XRP transfer. As expected, the XRP Ledger saw the creation of 3,858 new wallets in just one day, marking the highest number of new wallets recorded in over seven months. What lies ahead? This uptick coincides with the SEC filing a ‘Civil Appeal Pre-Argument Statement’ against Ripple Labs, indicating its intention to contest a previous court ruling in the ongoing case. That being said, while Musk did not provide a direct endorsement of XRP, his mention of the cryptocurrency could positively influence the ongoing case against the SEC. Ergo, this renewed attention may pave the way for brighter days ahead for XRP, which had been struggling in a bearish market for an extended period.",70.png
2024-10-22,https://ambcrypto.com/why-is-crypto-going-up-today-key-factors-behind-the-surge/,Why is crypto going up today? Key factors behind the surge,"The recent upward trend in the crypto market has raised the question: Why is crypto going up? IMG_1 Adewale Olarinde Saman Waris Market sentiment is currently in the “greed” zone, driving more traders to buy and pushing crypto prices higher. Short liquidations have dominated in recent trading sessions, signaling strong bullish momentum. In the last 24 hours, the crypto market has experienced a significant decline in trading volume, dropping by over 30%. However, despite this decrease, the overall market capitalization has slightly increased. So, why is crypto going up, despite the lower trading volume? Positive market sentiment boosts crypto prices Positive market sentiment is one of the primary reasons behind the upward trend in crypto prices. According to data from Coinglass, market sentiment has remained optimistic. The Fear and Greed Index, a popular indicator of investor sentiment, is currently showing “greed.” IMG_2 This high level of greed often signals increased buying activity, as more traders are driven by FOMO (fear of missing out). This sentiment can answer the question of why crypto is going up today, as FOMO leads to more buying, pushing prices higher. When the Fear and Greed Index points to greed, it typically indicates that traders are rushing to enter the market. This creates buying pressure, driving up the prices of major assets. However, it’s important to note that market corrections often follow this kind of rally, as FOMO can quickly turn into FUD (fear, uncertainty, and doubt), causing volatility in the market. Bitcoin’s price surge supports market growth Another key factor explaining why crypto is going up is the positive price movement of Bitcoin, the largest cryptocurrency by market capitalization. In the last few days, Bitcoin has broken through its $63,000 resistance level and continued to climb, maintaining a price above $68,000. As of the latest trading session, Bitcoin even reached $69,000, contributing to the overall rise in market capitalization. Bitcoin’s price stability above key resistance levels provides a strong foundation for the entire crypto market, as its performance often sets the tone for other assets. With Bitcoin maintaining its upward trend, other cryptocurrencies have followed suit, further driving the market upward. Short liquidations drive prices higher An analysis of the crypto liquidation chart shows another reason why crypto is going up. There has been a noticeable increase in the liquidation of short positions over the past few days. On the 8th of October, short liquidations amounted to around $71 million, while long liquidations were $41 million. In the next trading session, both short and long liquidations were nearly equal at around $28 million. However, in the most recent session, short liquidations spiked to almost $80 million, compared to just $38 million in long liquidations. IMG_3 This trend of increased short liquidations signals that traders betting on price declines are being forced to close their positions as prices continue to rise. As short positions close, buying pressure increases, leading to further price gains, making the market more bullish. Why is crypto going up? The crypto market’s upward movement can be attributed to several factors, including positive market sentiment reflected in the Fear and Greed Index, Bitcoin’s strong price performance, and the liquidation of short positions. Together, these elements are driving the market higher, even as trading volume declines. While the current trend is positive, traders should be aware that rapid price increases can lead to market corrections soon.",71.png 72.png 73.png
2024-10-22,https://ambcrypto.com/arpa-crypto-booms-43-in-24-hours-but-is-a-correction-looming/,"ARPA crypto booms 43% in 24 hours, but is a correction looming?","ARPA Crypto has experienced a remarkable 43% surge, emerging as the top gainer in the past 24 hours. IMG_1 Adewale Olarinde Saman Waris ARPA crypto saw a 43% price surge in the last 24 hours, with its market capitalization now exceeding $91 million. Despite signs of overbought conditions, ARPA maintained a bullish momentum. According to data, ARPA crypto has emerged as the highest gainer in the last 24 hours. Although there have been corrections in the last 24 hours, the asset maintains the top spot among the top 500 crypto assets with the largest market capitalization. ARPA crypto emerges as top gainer In the past 24 hours, ARPA crypto has risen to become the top-performing asset, according to CoinMarketCap. Its value has surged by over 43%, solidifying its position as the biggest gainer. This impressive increase has boosted its market capitalization to over $91 million. At the same time, its trading volume has skyrocketed by more than 4,000%, reaching a remarkable $378 million. Signs of corrections Although ARPA crypto experienced a sharp rise, analysis of its daily chart revealed signs of a price correction. After hitting a recent high of $0.0690, it has pulled back by 4.33%, trading around $0.0596 as it encountered resistance. This correction may indicate the start of a consolidation phase or a pullback before another potential price surge. IMG_2 Also, it was trading well above its 50-day moving average, around $0.0413 at press time, signaling that the bullish momentum had driven prices higher. The spike has also breached the upper bound of the Ichimoku Cloud, signaling a breakout. However, this swift price movement has raised concerns that the rally may have been overextended, as momentum indicators suggest a pause could be imminent. RSI and ATR point to overbought and high volatility The Relative Strength Index (RSI) for ARPA was 74.28, firmly in overbought territory at the time of writing. When the RSI surpasses 70, an asset may face a short-term correction as buying pressure decreases. This aligns with the price pullback from its daily high, indicating that traders may be taking profits after ARPA’s rapid surge. Additionally, the Average True Range (ATR), which measures market volatility, has surged to 0.0053, reflecting heightened volatility in recent sessions. This increased volatility often accompanies sharp price movements, suggesting that ARPA crypto may experience further fluctuations before settling into a more stable trend. What to expect next for ARPA crypto Traders should closely monitor ARPA crypto as it tests resistance near $0.0690. A breakout above this level could push the price toward $0.075, confirming the continuation of its uptrend. On the downside, immediate support can be found near $0.0548, with a stronger support level around the 50-day moving average at $0.0413. Given the current overbought conditions and heightened volatility, ARPA may enter a consolidation phase before its next significant price movement. A period of sideways trading could allow technical indicators like the RSI to cool off, potentially paving the way for a medium-term rally. However, ARPA may face a deeper retracement toward $0.050 or lower if it fails to hold key support levels.",74.png 75.png
2024-10-22,https://ambcrypto.com/pendle-crypto-is-up-43-in-30-days-analyzing-key-entry-points/,Pendle crypto is up 43% in 30 days – Analyzing key entry points,"PENDLE at crossroads as whales trim exposure despite overall bullish outlook. IMG_1 Benjamin Njiri Saman Waris PENDLE crypto netted 43% recovery gains in the past 30 days of trading. Looking into key market re-entry points as whales trimmed their exposure. Pendle [PENDLE] extended its October recovery and hit a new monthly high of $5.13, tapping 43% in the past 30 trading days. Pendle [PENDLE] extended its October recovery and hit a new monthly high of $5.13, tapping 43% in the past 30 trading days. However, the $5 psychological level has been a critical resistance in the past, can it decidedly crack it? PENDLE crypto hits a hurdle IMG_2 At press time, the roadblock had already attracted short sellers, as seen by the red daily candlestick. This could accelerate profit-taking from short-term holders.Additionally, key technical chart indicators flashed overbought conditions, suggesting a potential pullback. But PENDLE has been making higher highs and higher lows, painting a bullish market structure.As such, it made sense to go long on the asset rather than shorting it. There were two possible long scenarios. At press time, the roadblock had already attracted short sellers, as seen by the red daily candlestick. This could accelerate profit-taking from short-term holders. Additionally, key technical chart indicators flashed overbought conditions, suggesting a potential pullback. But PENDLE has been making higher highs and higher lows, painting a bullish market structure. As such, it made sense to go long on the asset rather than shorting it. There were two possible long scenarios. First, a re-entry at the short-term support above $4 and the 50-day EMA (blue line), with a bullish target at $5. This would offer a 23% potential gain, but only if PENDLE retraced to $4. The second scenario would be a retest and flipping of $5 to support (marked white), allowing bulls to eye the $6 target. Such a move could offer an 18% potential gain. A crack below $4 would invalidate the long position; hence, a stop loss could be placed just below it. Pendle whales trim their exposure IMG_3 Although the recent uptrend was strong, as denoted by a 43 reading from the ADX (Average Directional Index), whales’ actions called for caution. Historically, when whales add more positions than retailers (green Whales vs Retail Delta), PENDLE tends to rally. On the contrary, when they reduce exposure, a pullback always follows. Since early October, whales have added more PENDLE, driving an uptrend in prices. However, whale players have slightly trimmed their exposure at press time. This could partly explain the profit-taking at the $5 roadblock. Since early October, whales have added more PENDLE, driving an uptrend in prices. However, whale players have slightly trimmed their exposure at press time. This could partly explain the profit-taking at the $5 roadblock. IMG_4 The above observation was supported by Santiment data, which showed a slight drop in Supply Held By Whales (blue). It was also worth noting that there was a spike in Supply outside Exchanges, reinforcing the accumulation trend, perhaps amongst retailers. This might not necessarily pump PENDLE. Pendle [PENDLE] Price Prediction 2024-2025 In the August sell-off, both accumulation trends spiked, led by whales, and PENDLE rallied afterward. However, a strong PENDLE rally could be challenging, with whales taking the back seat. So, a pullback from the $5 roadblock could make the first long scenario more feasible. But a crack below the dynamic support of the 50-day EMA would invalidate the bullish outlook. Disclaimer: The information presented does not constitute financial, investment, trading, or other types of advice and is solely the writer’s opinion",76.png 77.png 78.png 79.png
2024-10-22,https://ambcrypto.com/dogwifhat-rises-53-in-30-days-3-5-on-the-horizon-for-wif/,dogwifhat rises 53% in 30 days: $3.5 on the horizon for WIF?,"Despite the decline on weekly charts, market fundamentals suggest that WIF is merely undergoing a pullback. IMG_1 Gladys Makena Saman Waris WIF has surged by 53.72% over the past month. Market sentiment suggested that dogwifhat could reach a five month of $3.5. After a monthly long surge, dogwifhat [WIF] has experienced a sharp decline over the past week. At the time of writing, WIF was trading at $2.64. This marked a 5.53% decline in weekly charts. Prior to this, dogwifhat had been on an upward trajectory, hiking by 53.72% on monthly charts. Despite the decline on weekly charts, the past 24 hours have shown some signs of life, especially with trading activity. In fact, WIF’s trading volume has surged by 79.29% to $402.14 million. Therefore, current market conditions raise questions over the memecoin’s future trajectory. IMG_2 AMBCrypto’s analysis showed that dogwifhat was experiencing strong and positive market sentiment at press time. Inasmuch, Market Prophit data showed that WIF’s crowd sentiment was positive at 0.1263 while its Buzz Score is 1.098. Likewise, the memecoin had a positive crowd Z score sentiment and market Prophit Z score sentiment. So, despite the recent downside, most investors remain optimistic and anticipate prices to rise in the near term. What WIF’s charts say As observed above, WIF is experiencing favorable market conditions that could set the memecoin for further gains on price charts. IMG_3 For example, dogwifhat’s Binance perpetual futures show that the majority of investors are taking long positions. This is indicated by the fact that 86.35% of accounts are longs while short are 13.65%. Such market conditions show a strong bias towards long positions in the perpetual Futures market thus, reflecting investor’s confidence. IMG_4 This demand for long positions is further strengthened by a positive OI-Weighted Funding Rate. This has remained positive over the past three weeks, suggesting that long position holders have been paying shorts to hold their trade. Such market behavior implies that most investors are bullish and anticipate further gains on price charts.",80.png 81.png 82.png 83.png
